<metadata><idinfo><citation><citeinfo><origin>EGIS Standard:  Place the originator of the data set here.</origin><pubdate>EGIS Standard: Place publication date here (yyyymmdd)</pubdate><title Sync="TRUE">geodata.DBO.dpw_OnePlusOne</title><geoform Sync="TRUE">vector digital data</geoform><onlink>\\Balt-gis01-srv\geodev\geomaster\Master_Geodatabases\EGIS_Master_GDB.gdb</onlink><ftname Sync="TRUE">geodata.DBO.dpw_OnePlusOne</ftname></citeinfo></citation><descript><abstract>Baltimore City's DPW's boundaries for OnePlusOne trash and recycling pick up schedules.  Trash pick up is now once a week and recycling also is be once a week.  The OnePlusOne program started in July of 2009</abstract><purpose>To detemine which days trash and recycling will be picked up for properties within the respective boundaries. </purpose><langdata Sync="TRUE">en</langdata><supplinf>bounaries and routes were developed by using data from the consulting firm C2Logix.</supplinf></descript><timeperd><timeinfo><sngdate><caldate>EGIS Standard:  Resource date here.</caldate><time>06/13/2009</time></sngdate></timeinfo><current>Current as of 6/13/2009</current></timeperd><status><progress>Complete</progress><update>None planned</update></status><spdom><bounding><westbc Sync="TRUE">-76.712002</westbc><eastbc Sync="TRUE">-76.528950</eastbc><northbc Sync="TRUE">39.372558</northbc><southbc Sync="TRUE">39.197089</southbc></bounding><lboundng><leftbc Sync="TRUE">1393953.170443</leftbc><rightbc Sync="TRUE">1445502.888320</rightbc><bottombc Sync="TRUE">557708.933390</bottombc><topbc Sync="TRUE">621406.812556</topbc></lboundng></spdom><keywords><theme><themekt>NONE</themekt><themekey>EGIS Standard:  Type the EGIS category name to which the data belongs here.</themekey></theme></keywords><accconst>Contact MOIT Enterprise Geographic Information Services for access constraints.  410-396-4106</accconst><useconst>THE CITY OF  BALTIMORE MAKES NO REPRESENTATIONS NOR WARRANTIES, EITHER EXPRESSED OR IMPLIED, REGARDING THE ACCURACY OF INFORMATION CONTAINED ON THIS MAP OR ITS SUITABILITY FOR ANY PARTICULAR PURPOSE WHATSOEVER.  THE MAP IS SOLD AND/OR PROVIDED "AS IS" AND THE CITY OF BALTIMORE WILL NOT BE LIABLE FOR ITS USE OR MISUSE BY ANY PARTY.</useconst><native Sync="TRUE">Microsoft Windows XP Version 5.1 (Build 2600) Service Pack 3; ESRI ArcCatalog 9.3.1.3500</native><natvform Sync="TRUE">SDE Feature Class</natvform></idinfo><dataqual><lineage><procstep><procdesc>EGIS Standard:  Place an explanation of the event and related parameters or tolerances here.</procdesc></procstep><procstep><procdesc>Metadata imported.</procdesc><srcused>N:\EGIS\Data_Organization_2007\Docs\EGIS metadata template.sgml</srcused></procstep><procstep><procdesc>Metadata imported.</procdesc><srcused>C:\TEMP\xml242.tmp</srcused></procstep><procstep><procdesc Sync="TRUE">Metadata imported.</procdesc><srcused Sync="TRUE">C:\DOCUME~1\BRAD~1.CHR\LOCALS~1\Temp\xml2591.tmp</srcused><procdate Sync="TRUE">20091105</procdate><proctime Sync="TRUE">13475000</proctime></procstep><procstep><procdesc Sync="TRUE">Dataset copied.</procdesc><srcused Sync="TRUE">N:\Data_Development\Trash_days\1plus1\OnePlusOne</srcused><procdate Sync="TRUE">20091105</procdate><proctime Sync="TRUE">14071800</proctime></procstep><procstep><procdesc Sync="TRUE">Dataset copied.</procdesc><srcused Sync="TRUE">Server=BALT-GISWB1-SRV; Service=sde:sqlserver:BALT-GISWB1-SRV; Database=geodata; User=egisdata; Version=sde.DEFAULT</srcused><procdate Sync="TRUE">20100927</procdate><proctime Sync="TRUE">18502200</proctime></procstep><procstep><procdesc Sync="TRUE">Dataset copied.</procdesc><srcused Sync="TRUE">Server=BALT-GISWB1-SRV; Service=sde:sqlserver:BALT-GISWB1-SRV; Database=transportation; User=egisdata; Version=sde.DEFAULT</srcused><procdate Sync="TRUE">20100928</procdate><proctime Sync="TRUE">15090400</proctime></procstep><procstep><procdesc Sync="TRUE">Dataset copied.</procdesc><srcused Sync="TRUE">Service=sde:sqlserver:BALT-GISWB1-SRV; Database=geodata; User=egisdata; Version=sde.DEFAULT</srcused><procdate Sync="TRUE">20110113</procdate><proctime Sync="TRUE">14551100</proctime></procstep></lineage></dataqual><spdoinfo><direct Sync="TRUE">Vector</direct><ptvctinf><esriterm><efeatyp Sync="TRUE">Simple</efeatyp><efeageom code="4" Sync="TRUE"></efeageom><esritopo Sync="TRUE">FALSE</esritopo><efeacnt Sync="TRUE">0</efeacnt><spindex Sync="TRUE">FALSE</spindex><linrefer Sync="TRUE">FALSE</linrefer></esriterm></ptvctinf></spdoinfo><spref><horizsys><planar><planci><plance Sync="TRUE">coordinate pair</plance><coordrep><absres Sync="TRUE">0.000328</absres><ordres Sync="TRUE">0.000328</ordres></coordrep><plandu Sync="TRUE">survey feet</plandu></planci></planar><geodetic><horizdn Sync="TRUE">North American Datum of 1983</horizdn><ellips Sync="TRUE">Geodetic Reference System 80</ellips><semiaxis Sync="TRUE">6378137.000000</semiaxis><denflat Sync="TRUE">298.257222</denflat></geodetic><cordsysn><geogcsn Sync="TRUE">GCS_North_American_1983</geogcsn><projcsn Sync="TRUE">NAD_1983_StatePlane_Maryland_FIPS_1900_Feet</projcsn></cordsysn></horizsys><vertdef><altsys><altres>0.000100</altres><altenc>Explicit elevation coordinate included with horizontal coordinates</altenc></altsys></vertdef></spref><eainfo><detailed Name="dpw_OnePlusOne_WGS84"><enttyp><enttypl Sync="TRUE">dpw_OnePlusOne_WGS84</enttypl><enttypd>EGIS Standard: if necessary give a brief definition of the layer.</enttypd><enttypds>City of Baltimore</enttypds><enttypt Sync="TRUE">Feature Class</enttypt><enttypc Sync="TRUE">0</enttypc></enttyp><attr><attrlabl Sync="TRUE">FID</attrlabl><attalias Sync="TRUE">FID</attalias><attrtype Sync="TRUE">OID</attrtype><attwidth Sync="TRUE">4</attwidth><atprecis Sync="TRUE">0</atprecis><attscale Sync="TRUE">0</attscale><attrdef Sync="TRUE">Internal feature number.</attrdef><attrdefs Sync="TRUE">ESRI</attrdefs><attrdomv><udom Sync="TRUE">Sequential unique whole numbers that are automatically generated.</udom></attrdomv></attr><attr><attrlabl Sync="TRUE">Count_</attrlabl><attalias Sync="TRUE">Count_</attalias><attrtype Sync="TRUE">Integer</attrtype><attwidth Sync="TRUE">5</attwidth><atprecis Sync="TRUE">5</atprecis><attscale Sync="TRUE">0</attscale></attr><attr><attrlabl>Shape</attrlabl><attrdef>Feature geometry.</attrdef><attrdefs>ESRI</attrdefs><attrdomv><udom>Coordinates defining the features.</udom></attrdomv><attalias Sync="TRUE">Shape</attalias><attrtype Sync="TRUE">Geometry</attrtype><attwidth Sync="TRUE">0</attwidth><atprecis Sync="TRUE">0</atprecis><attscale Sync="TRUE">0</attscale></attr><attr><attrlabl Sync="TRUE">DAYCODE</attrlabl><attalias Sync="TRUE">DAYCODE</attalias><attrtype Sync="TRUE">Integer</attrtype><attwidth Sync="TRUE">5</attwidth><atprecis Sync="TRUE">5</atprecis><attscale Sync="TRUE">0</attscale></attr><attr><attrlabl Sync="TRUE">DAYTEXT</attrlabl><attalias Sync="TRUE">DAYTEXT</attalias><attrtype Sync="TRUE">String</attrtype><attwidth Sync="TRUE">200</attwidth><atprecis Sync="TRUE">0</atprecis><attscale Sync="TRUE">0</attscale></attr><attr><attrlabl Sync="TRUE">TRASH_DAY</attrlabl><attalias Sync="TRUE">TRASH_DAY</attalias><attrtype Sync="TRUE">String</attrtype><attwidth Sync="TRUE">20</attwidth><atprecis Sync="TRUE">0</atprecis><attscale Sync="TRUE">0</attscale></attr><attr><attrlabl Sync="TRUE">RECYC_DAY</attrlabl><attalias Sync="TRUE">RECYC_DAY</attalias><attrtype Sync="TRUE">String</attrtype><attwidth Sync="TRUE">20</attwidth><atprecis Sync="TRUE">0</atprecis><attscale Sync="TRUE">0</attscale></attr><attr><attrlabl Sync="TRUE">LABEL</attrlabl><attalias Sync="TRUE">LABEL</attalias><attrtype Sync="TRUE">String</attrtype><attwidth Sync="TRUE">25</attwidth><atprecis Sync="TRUE">0</atprecis><attscale Sync="TRUE">0</attscale></attr><attr><attrlabl Sync="TRUE">FTYPE</attrlabl><attalias Sync="TRUE">FTYPE</attalias><attrtype Sync="TRUE">Double</attrtype><attwidth Sync="TRUE">10</attwidth><atprecis Sync="TRUE">10</atprecis><attscale Sync="TRUE">0</attscale></attr><attr><attrlabl Sync="TRUE">GIS_ID</attrlabl><attalias Sync="TRUE">GIS_ID</attalias><attrtype Sync="TRUE">String</attrtype><attwidth Sync="TRUE">15</attwidth><atprecis Sync="TRUE">0</atprecis><attscale Sync="TRUE">0</attscale></attr><attr><attrlabl Sync="TRUE">AREA_NAME</attrlabl><attalias Sync="TRUE">AREA_NAME</attalias><attrtype Sync="TRUE">String</attrtype><attwidth Sync="TRUE">75</attwidth><atprecis Sync="TRUE">0</atprecis><attscale Sync="TRUE">0</attscale></attr><attr><attrlabl Sync="TRUE">AREA_ABBR</attrlabl><attalias Sync="TRUE">AREA_ABBR</attalias><attrtype Sync="TRUE">String</attrtype><attwidth Sync="TRUE">20</attwidth><atprecis Sync="TRUE">0</atprecis><attscale Sync="TRUE">0</attscale></attr><attr><attrlabl Sync="TRUE">AREA_TYPE</attrlabl><attalias Sync="TRUE">AREA_TYPE</attalias><attrtype Sync="TRUE">Double</attrtype><attwidth Sync="TRUE">19</attwidth><atprecis Sync="TRUE">18</atprecis><attscale Sync="TRUE">8</attscale></attr><attr><attrlabl Sync="TRUE">ACRE</attrlabl><attalias Sync="TRUE">ACRE</attalias><attrtype Sync="TRUE">Double</attrtype><attwidth Sync="TRUE">19</attwidth><atprecis Sync="TRUE">18</atprecis><attscale Sync="TRUE">8</attscale></attr><attr><attrlabl Sync="TRUE">URL</attrlabl><attalias Sync="TRUE">URL</attalias><attrtype Sync="TRUE">String</attrtype><attwidth Sync="TRUE">100</attwidth><atprecis Sync="TRUE">0</atprecis><attscale Sync="TRUE">0</attscale></attr><attr><attrlabl Sync="TRUE">Shape_area</attrlabl><attalias Sync="TRUE">Shape_area</attalias><attrtype Sync="TRUE">Double</attrtype><attwidth Sync="TRUE">19</attwidth><atprecis Sync="TRUE">0</atprecis><attscale Sync="TRUE">0</attscale><attrdef Sync="TRUE">Area of feature in internal units squared.</attrdef><attrdefs Sync="TRUE">ESRI</attrdefs><attrdomv><udom Sync="TRUE">Positive real numbers that are automatically generated.</udom></attrdomv></attr><attr><attrlabl Sync="TRUE">Shape_len</attrlabl><attalias Sync="TRUE">Shape_len</attalias><attrtype Sync="TRUE">Double</attrtype><attwidth Sync="TRUE">19</attwidth><atprecis Sync="TRUE">0</atprecis><attscale Sync="TRUE">0</attscale></attr></detailed></eainfo><distinfo><distrib><cntinfo><cntorgp><cntorg>EGIS</cntorg></cntorgp><cntvoice>410 396 4106</cntvoice><cntfax>410 625 8707</cntfax><cntemail>bill.ballard@baltimorecity.gov</cntemail></cntinfo></distrib><resdesc>Downloadable Data</resdesc><stdorder><digform><digtinfo><transize>0.000</transize><dssize Sync="TRUE">0.691</dssize></digtinfo></digform></stdorder></distinfo><metainfo><metd Sync="TRUE">20100326</metd><metc><cntinfo><cntorgp><cntorg>REQUIRED: The organization responsible for the metadata information.</cntorg><cntper>REQUIRED: The person responsible for the metadata information.</cntper></cntorgp><cntaddr><addrtype>REQUIRED: The mailing and/or physical address for the organization or individual.</addrtype><city>REQUIRED: The city of the address.</city><state>REQUIRED: The state or province of the address.</state><postal>REQUIRED: The ZIP or other postal code of the address.</postal></cntaddr><cntvoice>REQUIRED: The telephone number by which individuals can speak to the organization or individual.</cntvoice></cntinfo></metc><metstdn Sync="TRUE">FGDC Content Standards for Digital Geospatial Metadata</metstdn><metstdv Sync="TRUE">FGDC-STD-001-1998</metstdv><mettc Sync="TRUE">local time</mettc><metextns><onlink>http://www.esri.com/metadata/esriprof80.html</onlink><metprof>ESRI Metadata Profile</metprof></metextns><metextns><onlink>http://www.esri.com/metadata/esriprof80.html</onlink><metprof>ESRI Metadata Profile</metprof></metextns><metextns><onlink>http://www.esri.com/metadata/esriprof80.html</onlink><metprof>ESRI Metadata Profile</metprof></metextns><langmeta Sync="TRUE">en</langmeta></metainfo><Esri><CreaDate>20110720</CreaDate><CreaTime>16574300</CreaTime><SyncOnce>FALSE</SyncOnce><SyncDate>20111121</SyncDate><SyncTime>15231800</SyncTime><ModDate>20111121</ModDate><ModTime>15231800</ModTime><DataProperties><lineage><Process ToolSource="C:\Program Files\ArcGIS\ArcToolbox\Toolboxes\Conversion Tools.tbx\FeatureClassToFeatureClass" Date="20100319" Time="121158">FeatureClassToFeatureClass M:\geodata\shape\Boundary\dpw_OnePlusOne.shp N:\geomaster\Master_Geodatabases\EGIS_Master_GDB.gdb\Boundary dpw_OnePlusOne # "Count 'Count' true true false 2 Short 0 2 ,First,#,M:\geodata\shape\Boundary\dpw_OnePlusOne.shp,Count,-1,-1;DAYCODE 'DAYCODE' true true false 2 Short 0 2 ,First,#,M:\geodata\shape\Boundary\dpw_OnePlusOne.shp,DAYCODE,-1,-1;DAYTEXT 'DAYTEXT' true true false 200 Text 0 0 ,First,#,M:\geodata\shape\Boundary\dpw_OnePlusOne.shp,DAYTEXT,-1,-1;TRASH_DAY 'TRASH_DAY' true true false 20 Text 0 0 ,First,#,M:\geodata\shape\Boundary\dpw_OnePlusOne.shp,TRASH_DAY,-1,-1;RECYC_DAY 'RECYC_DAY' true true false 20 Text 0 0 ,First,#,M:\geodata\shape\Boundary\dpw_OnePlusOne.shp,RECYC_DAY,-1,-1;LABEL 'LABEL' true true false 25 Text 0 0 ,First,#,M:\geodata\shape\Boundary\dpw_OnePlusOne.shp,LABEL,-1,-1;FTYPE 'FTYPE' true true false 9 Long 0 9 ,First,#,M:\geodata\shape\Boundary\dpw_OnePlusOne.shp,FTYPE,-1,-1;GIS_ID 'GIS_ID' true true false 15 Text 0 0 ,First,#,M:\geodata\shape\Boundary\dpw_OnePlusOne.shp,GIS_ID,-1,-1;AREA_NAME 'AREA_NAME' true true false 75 Text 0 0 ,First,#,M:\geodata\shape\Boundary\dpw_OnePlusOne.shp,AREA_NAME,-1,-1;AREA_ABBR 'AREA_ABBR' true true false 20 Text 0 0 ,First,#,M:\geodata\shape\Boundary\dpw_OnePlusOne.shp,AREA_ABBR,-1,-1;AREA_TYPE 'AREA_TYPE' true true false 19 Double 0 19 ,First,#,M:\geodata\shape\Boundary\dpw_OnePlusOne.shp,AREA_TYPE,-1,-1;ACRE 'ACRE' true true false 19 Double 0 0 ,First,#,M:\geodata\shape\Boundary\dpw_OnePlusOne.shp,ACRE,-1,-1" # N:\geomaster\Master_Geodatabases\EGIS_Master_GDB.gdb\Boundary\dpw_OnePlusOne</Process><Process ToolSource="C:\Program Files\ArcGIS\ArcToolbox\Toolboxes\Data Management Tools.tbx\CopyFeatures" Date="20100326" Time="160111">CopyFeatures N:\geomaster\Master_Geodatabases\EGIS_Master_GDB.gdb\Boundary\dpw_OnePlusOne "Database Connections\geodata.sde\geodata.DBO.Boundary\geodata.DBO.dpw_OnePlusOne" # 0 0 0</Process><Process ToolSource="C:\Program Files\ArcGIS\Desktop10.0\ArcToolbox\Toolboxes\Conversion Tools.tbx\FeatureClassToFeatureClass" Date="20110429" Time="111826">FeatureClassToFeatureClass "Database Connections\DC@egisdata@geodata_work@balt-giswb1-srv.sde\geodata_work.EGISDATA.Boundary\geodata_work.EGISDATA.dpw_OnePlusOne" "Database Connections\DC@egisdata@geodata_work@balt-giswb1-srv.sde\geodata_work.EGISDATA.WGS_1984_Web_Mercator" dpw_OnePlusOne_WGS84 # "Count_ "Count_" true true false 2 Short 0 5 ,First,#,Database Connections\DC@egisdata@geodata_work@balt-giswb1-srv.sde\geodata_work.EGISDATA.Boundary\geodata_work.EGISDATA.dpw_OnePlusOne,Count_,-1,-1;DAYCODE "DAYCODE" true true false 2 Short 0 5 ,First,#,Database Connections\DC@egisdata@geodata_work@balt-giswb1-srv.sde\geodata_work.EGISDATA.Boundary\geodata_work.EGISDATA.dpw_OnePlusOne,DAYCODE,-1,-1;DAYTEXT "DAYTEXT" true true false 200 Text 0 0 ,First,#,Database Connections\DC@egisdata@geodata_work@balt-giswb1-srv.sde\geodata_work.EGISDATA.Boundary\geodata_work.EGISDATA.dpw_OnePlusOne,DAYTEXT,-1,-1;TRASH_DAY "TRASH_DAY" true true false 20 Text 0 0 ,First,#,Database Connections\DC@egisdata@geodata_work@balt-giswb1-srv.sde\geodata_work.EGISDATA.Boundary\geodata_work.EGISDATA.dpw_OnePlusOne,TRASH_DAY,-1,-1;RECYC_DAY "RECYC_DAY" true true false 20 Text 0 0 ,First,#,Database Connections\DC@egisdata@geodata_work@balt-giswb1-srv.sde\geodata_work.EGISDATA.Boundary\geodata_work.EGISDATA.dpw_OnePlusOne,RECYC_DAY,-1,-1;LABEL "LABEL" true true false 25 Text 0 0 ,First,#,Database Connections\DC@egisdata@geodata_work@balt-giswb1-srv.sde\geodata_work.EGISDATA.Boundary\geodata_work.EGISDATA.dpw_OnePlusOne,LABEL,-1,-1;FTYPE "FTYPE" true true false 4 Long 0 10 ,First,#,Database Connections\DC@egisdata@geodata_work@balt-giswb1-srv.sde\geodata_work.EGISDATA.Boundary\geodata_work.EGISDATA.dpw_OnePlusOne,FTYPE,-1,-1;GIS_ID "GIS_ID" true true false 15 Text 0 0 ,First,#,Database Connections\DC@egisdata@geodata_work@balt-giswb1-srv.sde\geodata_work.EGISDATA.Boundary\geodata_work.EGISDATA.dpw_OnePlusOne,GIS_ID,-1,-1;AREA_NAME "AREA_NAME" true true false 75 Text 0 0 ,First,#,Database Connections\DC@egisdata@geodata_work@balt-giswb1-srv.sde\geodata_work.EGISDATA.Boundary\geodata_work.EGISDATA.dpw_OnePlusOne,AREA_NAME,-1,-1;AREA_ABBR "AREA_ABBR" true true false 20 Text 0 0 ,First,#,Database Connections\DC@egisdata@geodata_work@balt-giswb1-srv.sde\geodata_work.EGISDATA.Boundary\geodata_work.EGISDATA.dpw_OnePlusOne,AREA_ABBR,-1,-1;AREA_TYPE "AREA_TYPE" true true false 8 Double 8 38 ,First,#,Database Connections\DC@egisdata@geodata_work@balt-giswb1-srv.sde\geodata_work.EGISDATA.Boundary\geodata_work.EGISDATA.dpw_OnePlusOne,AREA_TYPE,-1,-1;ACRE "ACRE" true true false 8 Double 8 38 ,First,#,Database Connections\DC@egisdata@geodata_work@balt-giswb1-srv.sde\geodata_work.EGISDATA.Boundary\geodata_work.EGISDATA.dpw_OnePlusOne,ACRE,-1,-1;GlobalID "GlobalID" false false true 38 GlobalID 0 0 ,First,#,Database Connections\DC@egisdata@geodata_work@balt-giswb1-srv.sde\geodata_work.EGISDATA.Boundary\geodata_work.EGISDATA.dpw_OnePlusOne,GlobalID,-1,-1;Shape_area "Shape_area" false false true 0 Double 0 0 ,First,#,Database Connections\DC@egisdata@geodata_work@balt-giswb1-srv.sde\geodata_work.EGISDATA.Boundary\geodata_work.EGISDATA.dpw_OnePlusOne,Shape.area,-1,-1;Shape_len "Shape_len" false false true 0 Double 0 0 ,First,#,Database Connections\DC@egisdata@geodata_work@balt-giswb1-srv.sde\geodata_work.EGISDATA.Boundary\geodata_work.EGISDATA.dpw_OnePlusOne,Shape.len,-1,-1" #</Process><Process ToolSource="C:\Program Files (x86)\ArcGIS\Desktop10.0\ArcToolbox\Toolboxes\Data Management Tools.tbx\CalculateField" Date="20111115" Time="093622">CalculateField "Trash and Recycle Day" DAYTEXT "Tuesday/Friday(Trash/Recycling)" VB #</Process><Process ToolSource="C:\Program Files (x86)\ArcGIS\Desktop10.0\ArcToolbox\Toolboxes\Data Management Tools.tbx\CalculateField" Date="20111115" Time="093735">CalculateField "Trash and Recycle Day" TRASH_DAY "Friday" VB #</Process><Process ToolSource="C:\Program Files (x86)\ArcGIS\Desktop10.0\ArcToolbox\Toolboxes\Data Management Tools.tbx\CalculateField" Date="20111115" Time="093812">CalculateField "Trash and Recycle Day" RECYC_DAY "Tuesday" VB #</Process><Process ToolSource="C:\Program Files (x86)\ArcGIS\Desktop10.0\ArcToolbox\Toolboxes\Data Management Tools.tbx\CalculateField" Date="20111115" Time="094107">CalculateField "Trash and Recycle Day" URL "http://www.baltimorecity.gov/Government/AgenciesDepartments/PublicWorks/BureauofSolidWaste.aspx" VB #</Process><Process ToolSource="C:\Program Files (x86)\ArcGIS\Desktop10.0\ArcToolbox\Toolboxes\Data Management Tools.tbx\CalculateField" Date="20111115" Time="154008">CalculateField cityview_geodata.EGISDATA.dpw_OnePlusOne_WGS84 DAYTEXT "Friday/Tuesday(Trash/Recycling)" VB #</Process><Process ToolSource="C:\Program Files (x86)\ArcGIS\Desktop10.0\ArcToolbox\Toolboxes\Data Management Tools.tbx\CopyFeatures" Date="20111121" Time="152319">CopyFeatures "Database Connections\DC@egisdata@cityview_geodata@172.16.16.152.sde\cityview_geodata.EGISDATA.WGS_1984_Web_Mercator\cityview_geodata.EGISDATA.dpw_OnePlusOne_WGS84" D:\CityView_ShapeFiles\dpw_OnePlusOne_WGS84.shp # 0 0 0</Process></lineage><itemProps><itemName Sync="TRUE">dpw_OnePlusOne_WGS84</itemName><imsContentType Sync="TRUE">002</imsContentType><itemLocation><linkage Sync="TRUE">file://\\BALTIMORE\D$\CityView_ShapeFiles\dpw_OnePlusOne_WGS84.shp</linkage><protocol Sync="TRUE">Local Area Network</protocol></itemLocation><itemSize Sync="TRUE">0.000</itemSize></itemProps><coordRef><type Sync="TRUE">Projected</type><geogcsn Sync="TRUE">GCS_WGS_1984_Major_Auxiliary_Sphere</geogcsn><projcsn Sync="TRUE">WGS_1984_Web_Mercator</projcsn><peXml Sync="TRUE">&lt;ProjectedCoordinateSystem xsi:type='typens:ProjectedCoordinateSystem' xmlns:xsi='http://www.w3.org/2001/XMLSchema-instance' xmlns:xs='http://www.w3.org/2001/XMLSchema' xmlns:typens='http://www.esri.com/schemas/ArcGIS/10.0'&gt;&lt;WKT&gt;PROJCS[&amp;quot;WGS_1984_Web_Mercator&amp;quot;,GEOGCS[&amp;quot;GCS_WGS_1984_Major_Auxiliary_Sphere&amp;quot;,DATUM[&amp;quot;D_WGS_1984_Major_Auxiliary_Sphere&amp;quot;,SPHEROID[&amp;quot;WGS_1984_Major_Auxiliary_Sphere&amp;quot;,6378137.0,0.0]],PRIMEM[&amp;quot;Greenwich&amp;quot;,0.0],UNIT[&amp;quot;Degree&amp;quot;,0.0174532925199433]],PROJECTION[&amp;quot;Mercator&amp;quot;],PARAMETER[&amp;quot;False_Easting&amp;quot;,0.0],PARAMETER[&amp;quot;False_Northing&amp;quot;,0.0],PARAMETER[&amp;quot;Central_Meridian&amp;quot;,0.0],PARAMETER[&amp;quot;Standard_Parallel_1&amp;quot;,0.0],UNIT[&amp;quot;Meter&amp;quot;,1.0],AUTHORITY[&amp;quot;ESRI&amp;quot;,102113]]&lt;/WKT&gt;&lt;XOrigin&gt;-20037700&lt;/XOrigin&gt;&lt;YOrigin&gt;-30241100&lt;/YOrigin&gt;&lt;XYScale&gt;148923141.92838538&lt;/XYScale&gt;&lt;ZOrigin&gt;-100000&lt;/ZOrigin&gt;&lt;ZScale&gt;10000&lt;/ZScale&gt;&lt;MOrigin&gt;-100000&lt;/MOrigin&gt;&lt;MScale&gt;10000&lt;/MScale&gt;&lt;XYTolerance&gt;0.001&lt;/XYTolerance&gt;&lt;ZTolerance&gt;0.001&lt;/ZTolerance&gt;&lt;MTolerance&gt;0.001&lt;/MTolerance&gt;&lt;HighPrecision&gt;true&lt;/HighPrecision&gt;&lt;WKID&gt;102113&lt;/WKID&gt;&lt;/ProjectedCoordinateSystem&gt;</peXml><csUnits Sync="TRUE">Linear Unit: Meter (1.000000)</csUnits></coordRef></DataProperties><ArcGISFormat>1.0</ArcGISFormat></Esri><dataIdInfo><envirDesc Sync="TRUE">Microsoft Windows 7 Version 6.1 (Build 7601) Service Pack 1; ESRI ArcGIS 10.0.3.3600</envirDesc><dataLang><languageCode Sync="TRUE" value="eng" country="US"/><countryCode value="USA" Sync="TRUE"></countryCode></dataLang><idCitation><resTitle Sync="TRUE">dpw_OnePlusOne_WGS84</resTitle><presForm><PresFormCd Sync="TRUE" value="005"/></presForm></idCitation><spatRpType><SpatRepTypCd Sync="TRUE" value="001"/></spatRpType><dataExt><geoEle><GeoBndBox esriExtentType="native"><westBL Sync="TRUE">1393953.170443</westBL><eastBL Sync="TRUE">1445502.88832</eastBL><northBL Sync="TRUE">621406.812556</northBL><southBL Sync="TRUE">557708.93339</southBL><exTypeCode Sync="TRUE">1</exTypeCode></GeoBndBox></geoEle></dataExt><geoBox esriExtentType="decdegrees"><westBL Sync="TRUE">-76.712002</westBL><eastBL Sync="TRUE">-76.52895</eastBL><northBL Sync="TRUE">39.372558</northBL><southBL Sync="TRUE">39.197089</southBL><exTypeCode Sync="TRUE">1</exTypeCode></geoBox><descKeys><thesaName uuidref="723f6998-058e-11dc-8314-0800200c9a66"/><keyword Sync="TRUE">002</keyword></descKeys></dataIdInfo><mdLang><languageCode Sync="TRUE" value="eng"/><countryCode value="USA" Sync="TRUE"></countryCode></mdLang><mdStanName Sync="TRUE">ISO 19115 Geographic Information - Metadata</mdStanName><mdStanVer Sync="TRUE">DIS_ESRI1.0</mdStanVer><mdChar><CharSetCd Sync="TRUE" value="004"/></mdChar><mdHrLv><ScopeCd Sync="TRUE" value="005"/></mdHrLv><mdHrLvName Sync="TRUE">dataset</mdHrLvName><distInfo><distributor><distorTran><onLineSrc><orDesc Sync="TRUE">002</orDesc><linkage Sync="TRUE">Server=BALT-GISWB1-SRV; Service=sde:sqlserver:BALT-GISWB1-SRV; Database=geodata_work; User=egisdata; Version=sde.DEFAULT</linkage><protocol Sync="TRUE">ArcSDE Connection</protocol></onLineSrc><transSize Sync="TRUE">0.691</transSize></distorTran><distorFormat><formatName Sync="TRUE">SDE Feature Class</formatName></distorFormat></distributor><distFormat><formatName Sync="TRUE">Shapefile</formatName></distFormat><distTranOps><transSize Sync="TRUE">0.000</transSize></distTranOps></distInfo><refSysInfo><RefSystem><refSysID><identCode Sync="TRUE" code="102113" value="102113">NAD_1983_StatePlane_Maryland_FIPS_1900_Feet</identCode><idCodeSpace Sync="TRUE">ESRI</idCodeSpace><idVersion Sync="TRUE">10.0.0</idVersion></refSysID></RefSystem></refSysInfo><spatRepInfo><VectSpatRep><geometObjs Name="dpw_OnePlusOne_WGS84"><geoObjTyp><GeoObjTypCd value="002" Sync="TRUE"></GeoObjTypCd></geoObjTyp><geoObjCnt Sync="TRUE">0</geoObjCnt></geometObjs><topLvl><TopoLevCd value="001" Sync="TRUE"></TopoLevCd></topLvl></VectSpatRep></spatRepInfo><mdDateSt Sync="TRUE">20111121</mdDateSt></metadata>
