<metadata><idinfo><citation><citeinfo><origin>EGIS Standard:  Place the originator of the data set here.</origin><pubdate>EGIS Standard: Place publication date here (yyyymmdd)</pubdate><title Sync="TRUE">geodata_work.EGISDATA.geodata_work_EGISDATA_dpw_bulk_route</title><geoform Sync="TRUE">vector digital data</geoform><onlink Sync="TRUE">Server=BALT-GISWB1-SRV; Service=5155; Database=geodata_work; User=egisdata; Version=sde.DEFAULT</onlink><ftname Sync="TRUE">geodata_work.EGISDATA.geodata_work_EGISDATA_dpw_bulk_route</ftname></citeinfo></citation><descript><abstract>This dataset contains the bulk trash routes boundaries as defined by DPW. The data covers the City of Baltimore and is up to date.</abstract><purpose>To show the bulk trash route boundaries for the City of Baltimore</purpose><langdata Sync="TRUE">en</langdata></descript><timeperd><timeinfo><sngdate><caldate>2008-10-14</caldate></sngdate></timeinfo><current>publication date</current></timeperd><status><progress>Complete</progress><update>As needed</update></status><spdom><bounding><westbc Sync="TRUE">-76.712006</westbc><eastbc Sync="TRUE">-76.528937</eastbc><northbc Sync="TRUE">39.372536</northbc><southbc Sync="TRUE">39.196761</southbc></bounding><lboundng><leftbc Sync="TRUE">1393952.249841</leftbc><rightbc Sync="TRUE">1445506.625078</rightbc><bottombc Sync="TRUE">557589.687566</bottombc><topbc Sync="TRUE">621398.812572</topbc></lboundng></spdom><keywords><theme><themekt>NONE</themekt><themekey>Boundary</themekey></theme><place><placekey>Baltimore City, MD</placekey></place></keywords><accconst>Contact MOIT Enterprise Geographic Information Services for access constraints.  410-396-4106</accconst><useconst>THE CITY OF  BALTIMORE MAKES NO REPRESENTATIONS NOR WARRANTIES, EITHER EXPRESSED OR IMPLIED, REGARDING THE ACCURACY OF INFORMATION CONTAINED ON THIS MAP OR ITS SUITABILITY FOR ANY PARTICULAR PURPOSE WHATSOEVER.  THE MAP IS SOLD AND/OR PROVIDED "AS IS" AND THE CITY OF BALTIMORE WILL NOT BE LIABLE FOR ITS USE OR MISUSE BY ANY PARTY.</useconst><native Sync="TRUE">Microsoft Windows XP Version 5.1 (Build 2600) Service Pack 3; ESRI ArcCatalog 9.3.1.4000</native><natvform Sync="TRUE">SDE Feature Class</natvform></idinfo><dataqual><lineage><procstep><procdesc>EGIS Standard:  Place an explanation of the event and related parameters or tolerances here.</procdesc></procstep><procstep><procdesc>Metadata imported.</procdesc><srcused>N:\EGIS\Data_Organization_2007\Docs\EGIS metadata template.sgml</srcused></procstep><procstep><procdesc>Metadata imported.</procdesc><srcused>C:\TEMP\xml242.tmp</srcused></procstep><procstep><procdesc Sync="TRUE">Metadata imported.</procdesc><srcused Sync="TRUE">N:\geomaster\Master_Geodatabases\Metadata\_templates\egis metadata template.xml</srcused><date Sync="TRUE">20081014</date><time Sync="TRUE">11573500</time></procstep><procstep><procdesc Sync="TRUE">Dataset copied.</procdesc><srcused Sync="TRUE">Server=BALT-GISWB1-SRV; Service=sde:sqlserver:BALT-GISWB1-SRV; Database=geodata; User=egisdata; Version=sde.DEFAULT</srcused><procdate Sync="TRUE">20100927</procdate><proctime Sync="TRUE">18494000</proctime></procstep><procstep><procdesc Sync="TRUE">Dataset copied.</procdesc><srcused Sync="TRUE">Server=BALT-GISWB1-SRV; Service=sde:sqlserver:BALT-GISWB1-SRV; Database=transportation; User=egisdata; Version=sde.DEFAULT</srcused><procdate Sync="TRUE">20100928</procdate><proctime Sync="TRUE">15081400</proctime></procstep><procstep><procdesc Sync="TRUE">Dataset copied.</procdesc><srcused Sync="TRUE">Service=sde:sqlserver:BALT-GISWB1-SRV; Database=geodata; User=egisdata; Version=sde.DEFAULT</srcused><procdate Sync="TRUE">20110113</procdate><proctime Sync="TRUE">14540700</proctime></procstep></lineage></dataqual><spdoinfo><direct Sync="TRUE">Vector</direct><ptvctinf><esriterm><efeatyp Sync="TRUE">Simple</efeatyp><efeageom code="4" Sync="TRUE"></efeageom><esritopo Sync="TRUE">FALSE</esritopo><efeacnt Sync="TRUE">0</efeacnt><spindex Sync="TRUE">FALSE</spindex><linrefer Sync="TRUE">FALSE</linrefer></esriterm></ptvctinf></spdoinfo><spref><horizsys><planar><planci><plance Sync="TRUE">coordinate pair</plance><coordrep><absres Sync="TRUE">0.000100</absres><ordres Sync="TRUE">0.000100</ordres></coordrep><plandu Sync="TRUE">meters</plandu></planci></planar><geodetic><horizdn Sync="TRUE">D_WGS_1984_Major_Auxiliary_Sphere</horizdn><ellips Sync="TRUE">WGS_1984_Major_Auxiliary_Sphere</ellips><semiaxis Sync="TRUE">6378137.000000</semiaxis><denflat Sync="TRUE">infinity</denflat></geodetic><cordsysn><geogcsn Sync="TRUE">GCS_WGS_1984_Major_Auxiliary_Sphere</geogcsn><projcsn Sync="TRUE">WGS_1984_Web_Mercator</projcsn></cordsysn></horizsys><vertdef><altsys><altres Sync="TRUE">1.000000</altres><altenc Sync="TRUE">Explicit elevation coordinate included with horizontal coordinates</altenc></altsys></vertdef></spref><eainfo><detailed Name="dpw_bulk_route_WGS84"><enttyp><enttypl Sync="TRUE">dpw_bulk_route_WGS84</enttypl><enttypd>EGIS Standard: if necessary give a brief definition of the layer.</enttypd><enttypds>City of Baltimore</enttypds><enttypt Sync="TRUE">Feature Class</enttypt><enttypc Sync="TRUE">0</enttypc></enttyp><attr><attrlabl Sync="TRUE">FID</attrlabl><attalias Sync="TRUE">FID</attalias><attrtype Sync="TRUE">OID</attrtype><attwidth Sync="TRUE">4</attwidth><atprecis Sync="TRUE">0</atprecis><attscale Sync="TRUE">0</attscale><attrdef Sync="TRUE">Internal feature number.</attrdef><attrdefs Sync="TRUE">ESRI</attrdefs><attrdomv><udom Sync="TRUE">Sequential unique whole numbers that are automatically generated.</udom></attrdomv></attr><attr><attrlabl>Shape</attrlabl><attrdef>Feature geometry.</attrdef><attrdefs>ESRI</attrdefs><attrdomv><udom>Coordinates defining the features.</udom></attrdomv><attalias Sync="TRUE">Shape</attalias><attrtype Sync="TRUE">Geometry</attrtype><attwidth Sync="TRUE">0</attwidth><atprecis Sync="TRUE">0</atprecis><attscale Sync="TRUE">0</attscale></attr><attr><attrlabl Sync="TRUE">BULK_ROUTE</attrlabl><attalias Sync="TRUE">BULK_ROUTE</attalias><attrtype Sync="TRUE">String</attrtype><attwidth Sync="TRUE">3</attwidth><atprecis Sync="TRUE">0</atprecis><attscale Sync="TRUE">0</attscale></attr><attr><attrlabl Sync="TRUE">CNTCT_NME</attrlabl><attalias Sync="TRUE">CNTCT_NME</attalias><attrtype Sync="TRUE">String</attrtype><attwidth Sync="TRUE">50</attwidth><atprecis Sync="TRUE">0</atprecis><attscale Sync="TRUE">0</attscale></attr><attr><attrlabl Sync="TRUE">CNTCT_DPT</attrlabl><attalias Sync="TRUE">CNTCT_DPT</attalias><attrtype Sync="TRUE">String</attrtype><attwidth Sync="TRUE">50</attwidth><atprecis Sync="TRUE">0</atprecis><attscale Sync="TRUE">0</attscale></attr><attr><attrlabl Sync="TRUE">CNTCT_PHN</attrlabl><attalias Sync="TRUE">CNTCT_PHN</attalias><attrtype Sync="TRUE">String</attrtype><attwidth Sync="TRUE">25</attwidth><atprecis Sync="TRUE">0</atprecis><attscale Sync="TRUE">0</attscale></attr><attr><attrlabl Sync="TRUE">CNTCT_EML</attrlabl><attalias Sync="TRUE">CNTCT_EML</attalias><attrtype Sync="TRUE">String</attrtype><attwidth Sync="TRUE">75</attwidth><atprecis Sync="TRUE">0</atprecis><attscale Sync="TRUE">0</attscale></attr><attr><attrlabl Sync="TRUE">CNTCT_ADDR</attrlabl><attalias Sync="TRUE">CNTCT_ADDR</attalias><attrtype Sync="TRUE">String</attrtype><attwidth Sync="TRUE">50</attwidth><atprecis Sync="TRUE">0</atprecis><attscale Sync="TRUE">0</attscale></attr><attr><attrlabl Sync="TRUE">CNTCT_AD_1</attrlabl><attalias Sync="TRUE">CNTCT_AD_1</attalias><attrtype Sync="TRUE">String</attrtype><attwidth Sync="TRUE">50</attwidth><atprecis Sync="TRUE">0</atprecis><attscale Sync="TRUE">0</attscale></attr><attr><attrlabl Sync="TRUE">CNTCT_CITY</attrlabl><attalias Sync="TRUE">CNTCT_CITY</attalias><attrtype Sync="TRUE">String</attrtype><attwidth Sync="TRUE">25</attwidth><atprecis Sync="TRUE">0</atprecis><attscale Sync="TRUE">0</attscale></attr><attr><attrlabl Sync="TRUE">CNTCT_STAT</attrlabl><attalias Sync="TRUE">CNTCT_STAT</attalias><attrtype Sync="TRUE">String</attrtype><attwidth Sync="TRUE">2</attwidth><atprecis Sync="TRUE">0</atprecis><attscale Sync="TRUE">0</attscale></attr><attr><attrlabl Sync="TRUE">CNTCT_ZIP</attrlabl><attalias Sync="TRUE">CNTCT_ZIP</attalias><attrtype Sync="TRUE">String</attrtype><attwidth Sync="TRUE">10</attwidth><atprecis Sync="TRUE">0</atprecis><attscale Sync="TRUE">0</attscale></attr><attr><attrlabl Sync="TRUE">URL</attrlabl><attalias Sync="TRUE">URL</attalias><attrtype Sync="TRUE">String</attrtype><attwidth Sync="TRUE">100</attwidth><atprecis Sync="TRUE">0</atprecis><attscale Sync="TRUE">0</attscale></attr><attr><attrlabl Sync="TRUE">Shape_Area</attrlabl><attalias Sync="TRUE">Shape_area</attalias><attrtype Sync="TRUE">Double</attrtype><attwidth Sync="TRUE">19</attwidth><atprecis Sync="TRUE">0</atprecis><attscale Sync="TRUE">0</attscale><attrdef Sync="TRUE">Area of feature in internal units squared.</attrdef><attrdefs Sync="TRUE">ESRI</attrdefs><attrdomv><udom Sync="TRUE">Positive real numbers that are automatically generated.</udom></attrdomv></attr><attr><attrlabl Sync="TRUE">Shape_len</attrlabl><attalias Sync="TRUE">Shape_len</attalias><attrtype Sync="TRUE">Double</attrtype><attwidth Sync="TRUE">19</attwidth><atprecis Sync="TRUE">0</atprecis><attscale Sync="TRUE">0</attscale></attr></detailed></eainfo><distinfo><distrib><cntinfo><cntorgp><cntorg>EGIS</cntorg></cntorgp><cntvoice>410 396 4106</cntvoice><cntfax>410 625 8707</cntfax><cntemail>bill.ballard@baltimorecity.gov</cntemail></cntinfo></distrib><resdesc>Downloadable Data</resdesc><stdorder><digform><digtinfo><transize>0.000</transize></digtinfo></digform></stdorder></distinfo><metainfo><metd Sync="TRUE">20110512</metd><metc><cntinfo><cntorgp><cntorg>REQUIRED: The organization responsible for the metadata information.</cntorg><cntper>REQUIRED: The person responsible for the metadata information.</cntper></cntorgp><cntaddr><addrtype>REQUIRED: The mailing and/or physical address for the organization or individual.</addrtype><city>REQUIRED: The city of the address.</city><state>REQUIRED: The state or province of the address.</state><postal>REQUIRED: The ZIP or other postal code of the address.</postal></cntaddr><cntvoice>REQUIRED: The telephone number by which individuals can speak to the organization or individual.</cntvoice></cntinfo></metc><metstdn Sync="TRUE">FGDC Content Standards for Digital Geospatial Metadata</metstdn><metstdv Sync="TRUE">FGDC-STD-001-1998</metstdv><mettc Sync="TRUE">local time</mettc><metextns><onlink>http://www.esri.com/metadata/esriprof80.html</onlink><metprof>ESRI Metadata Profile</metprof></metextns><metextns><onlink>http://www.esri.com/metadata/esriprof80.html</onlink><metprof>ESRI Metadata Profile</metprof></metextns><metextns><onlink>http://www.esri.com/metadata/esriprof80.html</onlink><metprof>ESRI Metadata Profile</metprof></metextns><langmeta Sync="TRUE">en</langmeta></metainfo><Esri><CreaDate>20110720</CreaDate><CreaTime>17023700</CreaTime><SyncOnce>FALSE</SyncOnce><SyncDate>20111121</SyncDate><SyncTime>15212500</SyncTime><ModDate>20111121</ModDate><ModTime>15212500</ModTime><DataProperties><lineage><Process Name="Add Field" ToolSource="C:\Program Files\ArcGIS\ArcToolbox\Toolboxes\Data Management Tools.tbx\AddField" Date="20081015" Time="101103">AddField N:\Data_Development\Geodatabase_Design\boundary_gdb\geodatabase\topology.mdb\Boundries\dpw_bulk_route CNTCT_ADDR2 TEXT # # 50 # NULLABLE NON_REQUIRED # N:\Data_Development\Geodatabase_Design\boundary_gdb\geodatabase\topology.mdb\Boundries\dpw_bulk_route</Process><Process Name="Add Field" ToolSource="C:\Program Files\ArcGIS\ArcToolbox\Toolboxes\Data Management Tools.tbx\AddField" Date="20081015" Time="101308">AddField N:\Data_Development\Geodatabase_Design\boundary_gdb\geodatabase\topology.mdb\Boundries\dpw_bulk_route CNTCT_CITY TEXT # # 25 # NULLABLE NON_REQUIRED # N:\Data_Development\Geodatabase_Design\boundary_gdb\geodatabase\topology.mdb\Boundries\dpw_bulk_route</Process><Process Name="Add Field" ToolSource="C:\Program Files\ArcGIS\ArcToolbox\Toolboxes\Data Management Tools.tbx\AddField" Date="20081015" Time="101500">AddField N:\Data_Development\Geodatabase_Design\boundary_gdb\geodatabase\topology.mdb\Boundries\dpw_bulk_route CNTCT_STATE TEXT # # 2 # NULLABLE NON_REQUIRED # N:\Data_Development\Geodatabase_Design\boundary_gdb\geodatabase\topology.mdb\Boundries\dpw_bulk_route</Process><Process Name="Add Field (2)" ToolSource="C:\Program Files\ArcGIS\ArcToolbox\Toolboxes\Data Management Tools.tbx\AddField" Date="20081015" Time="101554">AddField N:\Data_Development\Geodatabase_Design\boundary_gdb\geodatabase\topology.mdb\Boundries\dpw_bulk_route CNTCT_ZIP TEXT # # 10 # NULLABLE NON_REQUIRED # N:\Data_Development\Geodatabase_Design\boundary_gdb\geodatabase\topology.mdb\Boundries\dpw_bulk_route</Process><Process Name="Calculate Field" ToolSource="C:\Program Files\ArcGIS\ArcToolbox\Toolboxes\Data Management Tools.tbx\CalculateField" Date="20081015" Time="153254">CalculateField N:\Data_Development\Geodatabase_Design\boundary_gdb\geodatabase\topology.mdb\Boundries\dpw_bulk_route CNTCT_CITY "Baltimore" VB # N:\Data_Development\Geodatabase_Design\boundary_gdb\geodatabase\topology.mdb\Boundries\dpw_bulk_route</Process><Process Name="Calculate Field" ToolSource="C:\Program Files\ArcGIS\ArcToolbox\Toolboxes\Data Management Tools.tbx\CalculateField" Date="20081015" Time="153444">CalculateField N:\Data_Development\Geodatabase_Design\boundary_gdb\geodatabase\topology.mdb\Boundries\dpw_bulk_route CNTCT_STATE "MD" VB # N:\Data_Development\Geodatabase_Design\boundary_gdb\geodatabase\topology.mdb\Boundries\dpw_bulk_route</Process><Process ToolSource="C:\Program Files\ArcGIS\ArcToolbox\Toolboxes\Data Management Tools.tbx\CopyFeatures" Date="20081024" Time="093747">CopyFeatures N:\Data_Development\Geodatabase_Design\boundary_gdb\geodatabase\topology.mdb\Boundries\dpw_bulk_route N:\geomaster\Master_Geodatabases\EGIS_Master_GDB.gdb\Boundary\dpw_bulk_route_1 # 0 0 0</Process><Process ToolSource="C:\Program Files\ArcGIS\ArcToolbox\Toolboxes\Data Management Tools.tbx\CopyFeatures" Date="20100326" Time="154813">CopyFeatures N:\geomaster\Master_Geodatabases\EGIS_Master_GDB.gdb\Boundary\dpw_bulk_route "Database Connections\geodata.sde\geodata.DBO.Boundary\geodata.DBO.dpw_bulk_route" # 0 0 0</Process><Process ToolSource="C:\Program Files\ArcGIS\Desktop10.0\ArcToolbox\Toolboxes\Data Management Tools.tbx\Append" Date="20110329" Time="153451">Append dpw_bulk_route geodata_work.EGISDATA.dpw_bulk_route NO_TEST "BULK_ROUTE "BULK_ROUTE" true true false 3 Text 0 0 ,First,#,\\Balt-apps01-srv\geoshare\geodata\shape\Boundary\dpw_bulk_route.shp,BULK_ROUTE,-1,-1;CNTCT_NME "CNTCT_NME" true true false 50 Text 0 0 ,First,#,\\Balt-apps01-srv\geoshare\geodata\shape\Boundary\dpw_bulk_route.shp,CNTCT_NME,-1,-1;CNTCT_DPT "CNTCT_DPT" true true false 50 Text 0 0 ,First,#,\\Balt-apps01-srv\geoshare\geodata\shape\Boundary\dpw_bulk_route.shp,CNTCT_DPT,-1,-1;CNTCT_PHN "CNTCT_PHN" true true false 25 Text 0 0 ,First,#,\\Balt-apps01-srv\geoshare\geodata\shape\Boundary\dpw_bulk_route.shp,CNTCT_PHN,-1,-1;CNTCT_EML "CNTCT_EML" true true false 75 Text 0 0 ,First,#,\\Balt-apps01-srv\geoshare\geodata\shape\Boundary\dpw_bulk_route.shp,CNTCT_EML,-1,-1;CNTCT_ADDR "CNTCT_ADDR" true true false 50 Text 0 0 ,First,#,\\Balt-apps01-srv\geoshare\geodata\shape\Boundary\dpw_bulk_route.shp,CNTCT_ADDR,-1,-1;CNTCT_ADDR2 "CNTCT_ADDR2" true true false 50 Text 0 0 ,First,#;CNTCT_CITY "CNTCT_CITY" true true false 25 Text 0 0 ,First,#,\\Balt-apps01-srv\geoshare\geodata\shape\Boundary\dpw_bulk_route.shp,CNTCT_CITY,-1,-1;CNTCT_STATE "CNTCT_STATE" true true false 2 Text 0 0 ,First,#;CNTCT_ZIP "CNTCT_ZIP" true true false 10 Text 0 0 ,First,#,\\Balt-apps01-srv\geoshare\geodata\shape\Boundary\dpw_bulk_route.shp,CNTCT_ZIP,-1,-1;GlobalID "GlobalID" false false true 38 GlobalID 0 0 ,First,#;Shape.area "Shape.area" false false true 0 Double 0 0 ,First,#;Shape.len "Shape.len" false false true 0 Double 0 0 ,First,#" #</Process><Process ToolSource="C:\Program Files\ArcGIS\Desktop10.0\ArcToolbox\Toolboxes\Data Management Tools.tbx\Append" Date="20110329" Time="153536">Append dpw_bulk_route geodata_work.EGISDATA.dpw_bulk_route NO_TEST "BULK_ROUTE "BULK_ROUTE" true true false 3 Text 0 0 ,First,#,\\Balt-apps01-srv\geoshare\geodata\shape\Boundary\dpw_bulk_route.shp,BULK_ROUTE,-1,-1;CNTCT_NME "CNTCT_NME" true true false 50 Text 0 0 ,First,#,\\Balt-apps01-srv\geoshare\geodata\shape\Boundary\dpw_bulk_route.shp,CNTCT_NME,-1,-1;CNTCT_DPT "CNTCT_DPT" true true false 50 Text 0 0 ,First,#,\\Balt-apps01-srv\geoshare\geodata\shape\Boundary\dpw_bulk_route.shp,CNTCT_DPT,-1,-1;CNTCT_PHN "CNTCT_PHN" true true false 25 Text 0 0 ,First,#,\\Balt-apps01-srv\geoshare\geodata\shape\Boundary\dpw_bulk_route.shp,CNTCT_PHN,-1,-1;CNTCT_EML "CNTCT_EML" true true false 75 Text 0 0 ,First,#,\\Balt-apps01-srv\geoshare\geodata\shape\Boundary\dpw_bulk_route.shp,CNTCT_EML,-1,-1;CNTCT_ADDR "CNTCT_ADDR" true true false 50 Text 0 0 ,First,#,\\Balt-apps01-srv\geoshare\geodata\shape\Boundary\dpw_bulk_route.shp,CNTCT_ADDR,-1,-1;CNTCT_ADDR2 "CNTCT_ADDR2" true true false 50 Text 0 0 ,First,#;CNTCT_CITY "CNTCT_CITY" true true false 25 Text 0 0 ,First,#,\\Balt-apps01-srv\geoshare\geodata\shape\Boundary\dpw_bulk_route.shp,CNTCT_CITY,-1,-1;CNTCT_STATE "CNTCT_STATE" true true false 2 Text 0 0 ,First,#;CNTCT_ZIP "CNTCT_ZIP" true true false 10 Text 0 0 ,First,#,\\Balt-apps01-srv\geoshare\geodata\shape\Boundary\dpw_bulk_route.shp,CNTCT_ZIP,-1,-1;GlobalID "GlobalID" false false true 38 GlobalID 0 0 ,First,#;Shape.area "Shape.area" false false true 0 Double 0 0 ,First,#;Shape.len "Shape.len" false false true 0 Double 0 0 ,First,#" #</Process><Process ToolSource="C:\Program Files\ArcGIS\Desktop10.0\ArcToolbox\Toolboxes\Data Management Tools.tbx\Append" Date="20110329" Time="153910">Append dpw_bulk_route geodata_work.EGISDATA.dpw_bulk_route NO_TEST "BULK_ROUTE "BULK_ROUTE" true true false 3 Text 0 0 ,First,#,\\Balt-gis01-srv\geodev\geomaster\Master_Geodatabases\EGIS_Master_GDB.gdb\Boundary\dpw_bulk_route,BULK_ROUTE,-1,-1;CNTCT_NME "CNTCT_NME" true true false 50 Text 0 0 ,First,#,\\Balt-gis01-srv\geodev\geomaster\Master_Geodatabases\EGIS_Master_GDB.gdb\Boundary\dpw_bulk_route,CNTCT_NME,-1,-1;CNTCT_DPT "CNTCT_DPT" true true false 50 Text 0 0 ,First,#,\\Balt-gis01-srv\geodev\geomaster\Master_Geodatabases\EGIS_Master_GDB.gdb\Boundary\dpw_bulk_route,CNTCT_DPT,-1,-1;CNTCT_PHN "CNTCT_PHN" true true false 25 Text 0 0 ,First,#,\\Balt-gis01-srv\geodev\geomaster\Master_Geodatabases\EGIS_Master_GDB.gdb\Boundary\dpw_bulk_route,CNTCT_PHN,-1,-1;CNTCT_EML "CNTCT_EML" true true false 75 Text 0 0 ,First,#,\\Balt-gis01-srv\geodev\geomaster\Master_Geodatabases\EGIS_Master_GDB.gdb\Boundary\dpw_bulk_route,CNTCT_EML,-1,-1;CNTCT_ADDR "CNTCT_ADDR" true true false 50 Text 0 0 ,First,#,\\Balt-gis01-srv\geodev\geomaster\Master_Geodatabases\EGIS_Master_GDB.gdb\Boundary\dpw_bulk_route,CNTCT_ADDR,-1,-1;CNTCT_ADDR2 "CNTCT_ADDR2" true true false 50 Text 0 0 ,First,#;CNTCT_CITY "CNTCT_CITY" true true false 25 Text 0 0 ,First,#,\\Balt-gis01-srv\geodev\geomaster\Master_Geodatabases\EGIS_Master_GDB.gdb\Boundary\dpw_bulk_route,CNTCT_CITY,-1,-1;CNTCT_STATE "CNTCT_STATE" true true false 2 Text 0 0 ,First,#;CNTCT_ZIP "CNTCT_ZIP" true true false 10 Text 0 0 ,First,#,\\Balt-gis01-srv\geodev\geomaster\Master_Geodatabases\EGIS_Master_GDB.gdb\Boundary\dpw_bulk_route,CNTCT_ZIP,-1,-1;GlobalID "GlobalID" false false true 38 GlobalID 0 0 ,First,#;Shape.area "Shape.area" false false true 0 Double 0 0 ,First,#;Shape.len "Shape.len" false false true 0 Double 0 0 ,First,#" #</Process><Process ToolSource="C:\Program Files\ArcGIS\Desktop10.0\ArcToolbox\Toolboxes\Data Management Tools.tbx\Append" Date="20110329" Time="153957">Append dpw_bulk_route geodata_work.EGISDATA.dpw_bulk_route NO_TEST "BULK_ROUTE "BULK_ROUTE" true true false 3 Text 0 0 ,First,#,\\Balt-gis01-srv\geodev\geomaster\Master_Geodatabases\EGIS_Master_GDB.gdb\Boundary\dpw_bulk_route,BULK_ROUTE,-1,-1;CNTCT_NME "CNTCT_NME" true true false 50 Text 0 0 ,First,#,\\Balt-gis01-srv\geodev\geomaster\Master_Geodatabases\EGIS_Master_GDB.gdb\Boundary\dpw_bulk_route,CNTCT_NME,-1,-1;CNTCT_DPT "CNTCT_DPT" true true false 50 Text 0 0 ,First,#,\\Balt-gis01-srv\geodev\geomaster\Master_Geodatabases\EGIS_Master_GDB.gdb\Boundary\dpw_bulk_route,CNTCT_DPT,-1,-1;CNTCT_PHN "CNTCT_PHN" true true false 25 Text 0 0 ,First,#,\\Balt-gis01-srv\geodev\geomaster\Master_Geodatabases\EGIS_Master_GDB.gdb\Boundary\dpw_bulk_route,CNTCT_PHN,-1,-1;CNTCT_EML "CNTCT_EML" true true false 75 Text 0 0 ,First,#,\\Balt-gis01-srv\geodev\geomaster\Master_Geodatabases\EGIS_Master_GDB.gdb\Boundary\dpw_bulk_route,CNTCT_EML,-1,-1;CNTCT_ADDR "CNTCT_ADDR" true true false 50 Text 0 0 ,First,#,\\Balt-gis01-srv\geodev\geomaster\Master_Geodatabases\EGIS_Master_GDB.gdb\Boundary\dpw_bulk_route,CNTCT_ADDR,-1,-1;CNTCT_ADDR2 "CNTCT_ADDR2" true true false 50 Text 0 0 ,First,#;CNTCT_CITY "CNTCT_CITY" true true false 25 Text 0 0 ,First,#,\\Balt-gis01-srv\geodev\geomaster\Master_Geodatabases\EGIS_Master_GDB.gdb\Boundary\dpw_bulk_route,CNTCT_CITY,-1,-1;CNTCT_STATE "CNTCT_STATE" true true false 2 Text 0 0 ,First,#;CNTCT_ZIP "CNTCT_ZIP" true true false 10 Text 0 0 ,First,#,\\Balt-gis01-srv\geodev\geomaster\Master_Geodatabases\EGIS_Master_GDB.gdb\Boundary\dpw_bulk_route,CNTCT_ZIP,-1,-1;GlobalID "GlobalID" false false true 38 GlobalID 0 0 ,First,#;Shape.area "Shape.area" false false true 0 Double 0 0 ,First,#;Shape.len "Shape.len" false false true 0 Double 0 0 ,First,#" #</Process><Process ToolSource="C:\Program Files\ArcGIS\Desktop10.0\ArcToolbox\Toolboxes\Data Management Tools.tbx\Append" Date="20110329" Time="154224">Append dpw_bulk_route geodata_work.EGISDATA.dpw_bulk_route NO_TEST "BULK_ROUTE "BULK_ROUTE" true true false 3 Text 0 0 ,First,#,\\Balt-gis01-srv\geodev\geomaster\Master_Geodatabases\EGIS_Master_GDB.gdb\Boundary\dpw_bulk_route,BULK_ROUTE,-1,-1;CNTCT_NME "CNTCT_NME" true true false 50 Text 0 0 ,First,#,\\Balt-gis01-srv\geodev\geomaster\Master_Geodatabases\EGIS_Master_GDB.gdb\Boundary\dpw_bulk_route,CNTCT_NME,-1,-1;CNTCT_DPT "CNTCT_DPT" true true false 50 Text 0 0 ,First,#,\\Balt-gis01-srv\geodev\geomaster\Master_Geodatabases\EGIS_Master_GDB.gdb\Boundary\dpw_bulk_route,CNTCT_DPT,-1,-1;CNTCT_PHN "CNTCT_PHN" true true false 25 Text 0 0 ,First,#,\\Balt-gis01-srv\geodev\geomaster\Master_Geodatabases\EGIS_Master_GDB.gdb\Boundary\dpw_bulk_route,CNTCT_PHN,-1,-1;CNTCT_EML "CNTCT_EML" true true false 75 Text 0 0 ,First,#,\\Balt-gis01-srv\geodev\geomaster\Master_Geodatabases\EGIS_Master_GDB.gdb\Boundary\dpw_bulk_route,CNTCT_EML,-1,-1;CNTCT_ADDR "CNTCT_ADDR" true true false 50 Text 0 0 ,First,#,\\Balt-gis01-srv\geodev\geomaster\Master_Geodatabases\EGIS_Master_GDB.gdb\Boundary\dpw_bulk_route,CNTCT_ADDR,-1,-1;CNTCT_ADDR2 "CNTCT_ADDR2" true true false 50 Text 0 0 ,First,#;CNTCT_CITY "CNTCT_CITY" true true false 25 Text 0 0 ,First,#,\\Balt-gis01-srv\geodev\geomaster\Master_Geodatabases\EGIS_Master_GDB.gdb\Boundary\dpw_bulk_route,CNTCT_CITY,-1,-1;CNTCT_STATE "CNTCT_STATE" true true false 2 Text 0 0 ,First,#;CNTCT_ZIP "CNTCT_ZIP" true true false 10 Text 0 0 ,First,#,\\Balt-gis01-srv\geodev\geomaster\Master_Geodatabases\EGIS_Master_GDB.gdb\Boundary\dpw_bulk_route,CNTCT_ZIP,-1,-1;GlobalID "GlobalID" false false true 38 GlobalID 0 0 ,First,#;Shape.area "Shape.area" false false true 0 Double 0 0 ,First,#;Shape.len "Shape.len" false false true 0 Double 0 0 ,First,#" #</Process><Process ToolSource="C:\Program Files\ArcGIS\ArcToolbox\Toolboxes\Data Management Tools.tbx\CopyFeatures" Date="20110512" Time="131444">CopyFeatures "Database Connections\5155@egisdata@geodatawork@balt-giswb1-srv.sde\geodata_work.EGISDATA.Boundary\geodata_work.EGISDATA.dpw_bulk_route" "Database Connections\5155@egisdata@geodatawork@balt-giswb1-srv.sde\geodata_work.EGISDATA.WGS_1984_Web_Mercator\geodata_work.EGISDATA.geodata_work_EGISDATA_dpw_bulk_route" # 0 0 0</Process><Process ToolSource="C:\Program Files\ArcGIS\Desktop10.0\ArcToolbox\Toolboxes\Conversion Tools.tbx\FeatureClassToFeatureClass" Date="20110517" Time="154843">FeatureClassToFeatureClass "Database Connections\DC@egisdata@geodata_work@BALT-GISWB1-SRV.sde\geodata_work.EGISDATA.WGS_1984_Web_Mercator\geodata_work.EGISDATA.dpw_bulk_route_WGS84" \\172.16.16.152\webdata\Geodatabase\WebMapServiceGDB_WGS84.gdb\WGS_1984_Web_Mercator dpw_bulk_route_WGS84 # "BULK_ROUTE "BULK_ROUTE" true true false 3 Text 0 0 ,First,#,Database Connections\DC@egisdata@geodata_work@BALT-GISWB1-SRV.sde\geodata_work.EGISDATA.WGS_1984_Web_Mercator\geodata_work.EGISDATA.dpw_bulk_route_WGS84,BULK_ROUTE,-1,-1;CNTCT_NME "CNTCT_NME" true true false 50 Text 0 0 ,First,#,Database Connections\DC@egisdata@geodata_work@BALT-GISWB1-SRV.sde\geodata_work.EGISDATA.WGS_1984_Web_Mercator\geodata_work.EGISDATA.dpw_bulk_route_WGS84,CNTCT_NME,-1,-1;CNTCT_DPT "CNTCT_DPT" true true false 50 Text 0 0 ,First,#,Database Connections\DC@egisdata@geodata_work@BALT-GISWB1-SRV.sde\geodata_work.EGISDATA.WGS_1984_Web_Mercator\geodata_work.EGISDATA.dpw_bulk_route_WGS84,CNTCT_DPT,-1,-1;CNTCT_PHN "CNTCT_PHN" true true false 25 Text 0 0 ,First,#,Database Connections\DC@egisdata@geodata_work@BALT-GISWB1-SRV.sde\geodata_work.EGISDATA.WGS_1984_Web_Mercator\geodata_work.EGISDATA.dpw_bulk_route_WGS84,CNTCT_PHN,-1,-1;CNTCT_EML "CNTCT_EML" true true false 75 Text 0 0 ,First,#,Database Connections\DC@egisdata@geodata_work@BALT-GISWB1-SRV.sde\geodata_work.EGISDATA.WGS_1984_Web_Mercator\geodata_work.EGISDATA.dpw_bulk_route_WGS84,CNTCT_EML,-1,-1;CNTCT_ADDR "CNTCT_ADDR" true true false 50 Text 0 0 ,First,#,Database Connections\DC@egisdata@geodata_work@BALT-GISWB1-SRV.sde\geodata_work.EGISDATA.WGS_1984_Web_Mercator\geodata_work.EGISDATA.dpw_bulk_route_WGS84,CNTCT_ADDR,-1,-1;CNTCT_ADDR2 "CNTCT_ADDR2" true true false 50 Text 0 0 ,First,#,Database Connections\DC@egisdata@geodata_work@BALT-GISWB1-SRV.sde\geodata_work.EGISDATA.WGS_1984_Web_Mercator\geodata_work.EGISDATA.dpw_bulk_route_WGS84,CNTCT_ADDR2,-1,-1;CNTCT_CITY "CNTCT_CITY" true true false 25 Text 0 0 ,First,#,Database Connections\DC@egisdata@geodata_work@BALT-GISWB1-SRV.sde\geodata_work.EGISDATA.WGS_1984_Web_Mercator\geodata_work.EGISDATA.dpw_bulk_route_WGS84,CNTCT_CITY,-1,-1;CNTCT_STATE "CNTCT_STATE" true true false 2 Text 0 0 ,First,#,Database Connections\DC@egisdata@geodata_work@BALT-GISWB1-SRV.sde\geodata_work.EGISDATA.WGS_1984_Web_Mercator\geodata_work.EGISDATA.dpw_bulk_route_WGS84,CNTCT_STATE,-1,-1;CNTCT_ZIP "CNTCT_ZIP" true true false 10 Text 0 0 ,First,#,Database Connections\DC@egisdata@geodata_work@BALT-GISWB1-SRV.sde\geodata_work.EGISDATA.WGS_1984_Web_Mercator\geodata_work.EGISDATA.dpw_bulk_route_WGS84,CNTCT_ZIP,-1,-1;GlobalID "GlobalID" false false true 38 GlobalID 0 0 ,First,#,Database Connections\DC@egisdata@geodata_work@BALT-GISWB1-SRV.sde\geodata_work.EGISDATA.WGS_1984_Web_Mercator\geodata_work.EGISDATA.dpw_bulk_route_WGS84,GlobalID,-1,-1;Shape_area "Shape_area" false false true 0 Double 0 0 ,First,#,Database Connections\DC@egisdata@geodata_work@BALT-GISWB1-SRV.sde\geodata_work.EGISDATA.WGS_1984_Web_Mercator\geodata_work.EGISDATA.dpw_bulk_route_WGS84,Shape.area,-1,-1;Shape_len "Shape_len" false false true 0 Double 0 0 ,First,#,Database Connections\DC@egisdata@geodata_work@BALT-GISWB1-SRV.sde\geodata_work.EGISDATA.WGS_1984_Web_Mercator\geodata_work.EGISDATA.dpw_bulk_route_WGS84,Shape.len,-1,-1" #</Process><Process ToolSource="C:\Program Files\ArcGIS\Desktop10.0\ArcToolbox\Toolboxes\Data Management Tools.tbx\CalculateField" Date="20110706" Time="095556">CalculateField BulkTrash URL "http://www.baltimorecity.gov/Government/AgenciesDepartments/PublicWorks/BureauofSolidWaste.aspx" VB #</Process><Process ToolSource="C:\Program Files (x86)\ArcGIS\Desktop10.0\ArcToolbox\Toolboxes\Data Management Tools.tbx\CopyFeatures" Date="20111121" Time="152126">CopyFeatures "Database Connections\DC@egisdata@cityview_geodata@172.16.16.152.sde\cityview_geodata.EGISDATA.WGS_1984_Web_Mercator\cityview_geodata.EGISDATA.dpw_bulk_route_WGS84" D:\CityView_ShapeFiles\dpw_bulk_route_WGS84.shp # 0 0 0</Process></lineage><itemProps><itemName Sync="TRUE">dpw_bulk_route_WGS84</itemName><imsContentType Sync="TRUE">002</imsContentType><itemLocation><linkage Sync="TRUE">file://\\BALTIMORE\D$\CityView_ShapeFiles\dpw_bulk_route_WGS84.shp</linkage><protocol Sync="TRUE">Local Area Network</protocol></itemLocation><itemSize Sync="TRUE">0.000</itemSize></itemProps><coordRef><type Sync="TRUE">Projected</type><geogcsn Sync="TRUE">GCS_WGS_1984_Major_Auxiliary_Sphere</geogcsn><projcsn Sync="TRUE">WGS_1984_Web_Mercator</projcsn><peXml Sync="TRUE">&lt;ProjectedCoordinateSystem xsi:type='typens:ProjectedCoordinateSystem' xmlns:xsi='http://www.w3.org/2001/XMLSchema-instance' xmlns:xs='http://www.w3.org/2001/XMLSchema' xmlns:typens='http://www.esri.com/schemas/ArcGIS/10.0'&gt;&lt;WKT&gt;PROJCS[&amp;quot;WGS_1984_Web_Mercator&amp;quot;,GEOGCS[&amp;quot;GCS_WGS_1984_Major_Auxiliary_Sphere&amp;quot;,DATUM[&amp;quot;D_WGS_1984_Major_Auxiliary_Sphere&amp;quot;,SPHEROID[&amp;quot;WGS_1984_Major_Auxiliary_Sphere&amp;quot;,6378137.0,0.0]],PRIMEM[&amp;quot;Greenwich&amp;quot;,0.0],UNIT[&amp;quot;Degree&amp;quot;,0.0174532925199433]],PROJECTION[&amp;quot;Mercator&amp;quot;],PARAMETER[&amp;quot;False_Easting&amp;quot;,0.0],PARAMETER[&amp;quot;False_Northing&amp;quot;,0.0],PARAMETER[&amp;quot;Central_Meridian&amp;quot;,0.0],PARAMETER[&amp;quot;Standard_Parallel_1&amp;quot;,0.0],UNIT[&amp;quot;Meter&amp;quot;,1.0],AUTHORITY[&amp;quot;ESRI&amp;quot;,102113]]&lt;/WKT&gt;&lt;XOrigin&gt;-20037700&lt;/XOrigin&gt;&lt;YOrigin&gt;-30241100&lt;/YOrigin&gt;&lt;XYScale&gt;148923141.92838538&lt;/XYScale&gt;&lt;ZOrigin&gt;-100000&lt;/ZOrigin&gt;&lt;ZScale&gt;10000&lt;/ZScale&gt;&lt;MOrigin&gt;-100000&lt;/MOrigin&gt;&lt;MScale&gt;10000&lt;/MScale&gt;&lt;XYTolerance&gt;0.001&lt;/XYTolerance&gt;&lt;ZTolerance&gt;0.001&lt;/ZTolerance&gt;&lt;MTolerance&gt;0.001&lt;/MTolerance&gt;&lt;HighPrecision&gt;true&lt;/HighPrecision&gt;&lt;WKID&gt;102113&lt;/WKID&gt;&lt;/ProjectedCoordinateSystem&gt;</peXml><csUnits Sync="TRUE">Linear Unit: Meter (1.000000)</csUnits></coordRef></DataProperties><ArcGISFormat>1.0</ArcGISFormat></Esri><dataIdInfo><envirDesc Sync="TRUE">Microsoft Windows 7 Version 6.1 (Build 7601) Service Pack 1; ESRI ArcGIS 10.0.3.3600</envirDesc><dataLang><languageCode Sync="TRUE" value="eng" country="US"/><countryCode value="USA" Sync="TRUE"></countryCode></dataLang><idCitation><resTitle Sync="TRUE">dpw_bulk_route_WGS84</resTitle><presForm><PresFormCd Sync="TRUE" value="005"/></presForm></idCitation><spatRpType><SpatRepTypCd Sync="TRUE" value="001"/></spatRpType><dataExt><geoEle><GeoBndBox esriExtentType="native"><westBL Sync="TRUE">1393952.249841</westBL><eastBL Sync="TRUE">1445506.625078</eastBL><northBL Sync="TRUE">621398.812572</northBL><southBL Sync="TRUE">557589.687566</southBL><exTypeCode Sync="TRUE">1</exTypeCode></GeoBndBox></geoEle></dataExt><geoBox esriExtentType="decdegrees"><westBL Sync="TRUE">-76.712006</westBL><eastBL Sync="TRUE">-76.528937</eastBL><northBL Sync="TRUE">39.372536</northBL><southBL Sync="TRUE">39.196761</southBL><exTypeCode Sync="TRUE">1</exTypeCode></geoBox><descKeys><thesaName uuidref="723f6998-058e-11dc-8314-0800200c9a66"/><keyword Sync="TRUE">002</keyword></descKeys></dataIdInfo><mdLang><languageCode Sync="TRUE" value="eng"/><countryCode value="USA" Sync="TRUE"></countryCode></mdLang><mdStanName Sync="TRUE">ISO 19115 Geographic Information - Metadata</mdStanName><mdStanVer Sync="TRUE">DIS_ESRI1.0</mdStanVer><mdChar><CharSetCd Sync="TRUE" value="004"/></mdChar><mdHrLv><ScopeCd Sync="TRUE" value="005"/></mdHrLv><mdHrLvName Sync="TRUE">dataset</mdHrLvName><distInfo><distributor><distorTran><onLineSrc><orDesc Sync="TRUE">002</orDesc><linkage Sync="TRUE">Server=BALT-GISWB1-SRV; Service=5155; Database=geodata_work; User=egisdata; Version=sde.DEFAULT</linkage><protocol Sync="TRUE">ArcSDE Connection</protocol></onLineSrc></distorTran><distorFormat><formatName Sync="TRUE">SDE Feature Class</formatName></distorFormat></distributor><distFormat><formatName Sync="TRUE">Shapefile</formatName></distFormat><distTranOps><transSize Sync="TRUE">0.000</transSize></distTranOps></distInfo><refSysInfo><RefSystem><refSysID><identCode Sync="TRUE" code="102113" value="102113">WGS_1984_Web_Mercator</identCode><idCodeSpace Sync="TRUE">ESRI</idCodeSpace><idVersion Sync="TRUE">10.0.0</idVersion></refSysID></RefSystem></refSysInfo><spatRepInfo><VectSpatRep><geometObjs Name="dpw_bulk_route_WGS84"><geoObjTyp><GeoObjTypCd value="002" Sync="TRUE"></GeoObjTypCd></geoObjTyp><geoObjCnt Sync="TRUE">0</geoObjCnt></geometObjs><topLvl><TopoLevCd value="001" Sync="TRUE"></TopoLevCd></topLvl></VectSpatRep></spatRepInfo><mdDateSt Sync="TRUE">20111121</mdDateSt></metadata>
